<?xml version="1.0" encoding="UTF-8"?>
<project-private xmlns="http://www.netbeans.org/ns/project-private/1">
    <editor-bookmarks xmlns="http://www.netbeans.org/ns/editor-bookmarks/2" lastBookmarkId="0"/>
    <open-files xmlns="http://www.netbeans.org/ns/projectui-open-files/2">
        <group>
            <file>file:/Users/nikhilnair/Dropbox/305/Current_version/DatingPlusPlus_v.08/web/custRepEditCustSuccess.jsp</file>
            <file>file:/Users/nikhilnair/Dropbox/305/Current_version/DatingPlusPlus_v.08/web/custRepEditDatabase.jsp</file>
            <file>file:/Users/nikhilnair/Dropbox/305/Current_version/DatingPlusPlus_v.08/web/custRepEditCust2.jsp</file>
            <file>file:/Users/nikhilnair/Dropbox/305/Current_version/DatingPlusPlus_v.08/web/custRepEditCust1.jsp</file>
            <file>file:/Users/nikhilnair/Dropbox/305/Current_version/DatingPlusPlus_v.08/web/updateAccount.jsp</file>
        </group>
    </open-files>
</project-private>
